<annotation verified="no">
  <folder>TrainSet1</folder>
  <filename>12.jpg</filename>
  <path>/home/br7/Desktop/Frames/TrainSet1/180.png</path>
  <source>
    <database>Unknown</database>
  </source>
  <size>
    <width>1280</width>
    <height>586</height>
    <depth>3</depth>
  </size>
  <segmented>0</segmented>
  <object>
    <name>bludger</name>
    <pose>Unspecified</pose>
    <truncated>0</truncated>
    <Difficult>0</Difficult>
    <bndbox>
      <xmin>758</xmin>
      <ymin>150</ymin>
      <xmax>777</xmax>
      <ymax>171</ymax>
    </bndbox>
  </object>
  <object>
    <name>quaffle</name>
    <pose>Unspecified</pose>
    <truncated>0</truncated>
    <Difficult>0</Difficult>
    <bndbox>
      <xmin>807</xmin>
      <ymin>371</ymin>
      <xmax>914</xmax>
      <ymax>472</ymax>
    </bndbox>
  </object>
</annotation>
