<annotation verified="no">
  <folder>Set1</folder>
  <filename>127.jpg</filename>
  <path>/home/br7/Desktop/Frames/Set1/7259.png</path>
  <source>
    <database>Unknown</database>
  </source>
  <size>
    <width>1280</width>
    <height>586</height>
    <depth>3</depth>
  </size>
  <segmented>0</segmented>
  <object>
    <name>quaffle</name>
    <pose>Unspecified</pose>
    <truncated>0</truncated>
    <Difficult>0</Difficult>
    <bndbox>
      <xmin>339</xmin>
      <ymin>493</ymin>
      <xmax>457</xmax>
      <ymax>560</ymax>
    </bndbox>
  </object>
  <object>
    <name>bludger</name>
    <pose>Unspecified</pose>
    <truncated>0</truncated>
    <Difficult>0</Difficult>
    <bndbox>
      <xmin>252</xmin>
      <ymin>140</ymin>
      <xmax>287</xmax>
      <ymax>170</ymax>
    </bndbox>
  </object>
</annotation>
