<annotation verified="no">
  <folder>TrainSet1</folder>
  <filename>131.jpg</filename>
  <path>/home/br7/Desktop/Frames/TrainSet1/191.png</path>
  <source>
    <database>Unknown</database>
  </source>
  <size>
    <width>1280</width>
    <height>586</height>
    <depth>3</depth>
  </size>
  <segmented>0</segmented>
  <object>
    <name>bludger</name>
    <pose>Unspecified</pose>
    <truncated>0</truncated>
    <Difficult>0</Difficult>
    <bndbox>
      <xmin>249</xmin>
      <ymin>164</ymin>
      <xmax>271</xmax>
      <ymax>189</ymax>
    </bndbox>
  </object>
  <object>
    <name>quaffle</name>
    <pose>Unspecified</pose>
    <truncated>0</truncated>
    <Difficult>0</Difficult>
    <bndbox>
      <xmin>290</xmin>
      <ymin>527</ymin>
      <xmax>373</xmax>
      <ymax>562</ymax>
    </bndbox>
  </object>
</annotation>
