<annotation verified="no">
  <folder>Set1</folder>
  <filename>132.jpg</filename>
  <path>/home/br7/Desktop/Frames/Set1/3184.png</path>
  <source>
    <database>Unknown</database>
  </source>
  <size>
    <width>1280</width>
    <height>586</height>
    <depth>3</depth>
  </size>
  <segmented>0</segmented>
  <object>
    <name>bludger</name>
    <pose>Unspecified</pose>
    <truncated>0</truncated>
    <Difficult>0</Difficult>
    <bndbox>
      <xmin>535</xmin>
      <ymin>261</ymin>
      <xmax>642</xmax>
      <ymax>381</ymax>
    </bndbox>
  </object>
  <object>
    <name>quaffle</name>
    <pose>Unspecified</pose>
    <truncated>0</truncated>
    <Difficult>0</Difficult>
    <bndbox>
      <xmin>620</xmin>
      <ymin>434</ymin>
      <xmax>761</xmax>
      <ymax>547</ymax>
    </bndbox>
  </object>
</annotation>
