<annotation verified="no">
  <folder>Set1</folder>
  <filename>179.jpg</filename>
  <path>/home/br7/Desktop/Frames/Set1/3177.png</path>
  <source>
    <database>Unknown</database>
  </source>
  <size>
    <width>1280</width>
    <height>586</height>
    <depth>3</depth>
  </size>
  <segmented>0</segmented>
  <object>
    <name>bludger</name>
    <pose>Unspecified</pose>
    <truncated>0</truncated>
    <Difficult>0</Difficult>
    <bndbox>
      <xmin>856</xmin>
      <ymin>302</ymin>
      <xmax>895</xmax>
      <ymax>345</ymax>
    </bndbox>
  </object>
  <object>
    <name>quaffle</name>
    <pose>Unspecified</pose>
    <truncated>0</truncated>
    <Difficult>0</Difficult>
    <bndbox>
      <xmin>637</xmin>
      <ymin>363</ymin>
      <xmax>761</xmax>
      <ymax>476</ymax>
    </bndbox>
  </object>
</annotation>
