<annotation verified="no">
  <folder>Set1</folder>
  <filename>182.jpg</filename>
  <path>/home/br7/Desktop/Frames/Set1/5365.png</path>
  <source>
    <database>Unknown</database>
  </source>
  <size>
    <width>1280</width>
    <height>586</height>
    <depth>3</depth>
  </size>
  <segmented>0</segmented>
  <object>
    <name>bludger</name>
    <pose>Unspecified</pose>
    <truncated>0</truncated>
    <Difficult>0</Difficult>
    <bndbox>
      <xmin>581</xmin>
      <ymin>106</ymin>
      <xmax>618</xmax>
      <ymax>142</ymax>
    </bndbox>
  </object>
  <object>
    <name>quaffle</name>
    <pose>Unspecified</pose>
    <truncated>0</truncated>
    <Difficult>0</Difficult>
    <bndbox>
      <xmin>127</xmin>
      <ymin>406</ymin>
      <xmax>239</xmax>
      <ymax>526</ymax>
    </bndbox>
  </object>
</annotation>
