<annotation verified="no">
  <folder>TrainSet1</folder>
  <filename>199.jpg</filename>
  <path>/home/br7/Desktop/Frames/TrainSet1/97.png</path>
  <source>
    <database>Unknown</database>
  </source>
  <size>
    <width>1280</width>
    <height>586</height>
    <depth>3</depth>
  </size>
  <segmented>0</segmented>
  <object>
    <name>bludger</name>
    <pose>Unspecified</pose>
    <truncated>0</truncated>
    <Difficult>0</Difficult>
    <bndbox>
      <xmin>540</xmin>
      <ymin>225</ymin>
      <xmax>557</xmax>
      <ymax>241</ymax>
    </bndbox>
  </object>
  <object>
    <name>quaffle</name>
    <pose>Unspecified</pose>
    <truncated>0</truncated>
    <Difficult>0</Difficult>
    <bndbox>
      <xmin>907</xmin>
      <ymin>434</ymin>
      <xmax>1013</xmax>
      <ymax>543</ymax>
    </bndbox>
  </object>
</annotation>
