<annotation verified="no">
  <folder>Set3</folder>
  <filename>226.jpg</filename>
  <path>/home/br7/Desktop/Frames/Set3/127.png</path>
  <source>
    <database>Unknown</database>
  </source>
  <size>
    <width>1920</width>
    <height>1080</height>
    <depth>3</depth>
  </size>
  <segmented>0</segmented>
  <object>
    <name>bludger</name>
    <pose>Unspecified</pose>
    <truncated>0</truncated>
    <Difficult>0</Difficult>
    <bndbox>
      <xmin>951</xmin>
      <ymin>445</ymin>
      <xmax>1017</xmax>
      <ymax>517</ymax>
    </bndbox>
  </object>
  <object>
    <name>bludger</name>
    <pose>Unspecified</pose>
    <truncated>0</truncated>
    <Difficult>0</Difficult>
    <bndbox>
      <xmin>701</xmin>
      <ymin>529</ymin>
      <xmax>760</xmax>
      <ymax>601</ymax>
    </bndbox>
  </object>
  <object>
    <name>quaffle</name>
    <pose>Unspecified</pose>
    <truncated>0</truncated>
    <Difficult>0</Difficult>
    <bndbox>
      <xmin>776</xmin>
      <ymin>471</ymin>
      <xmax>866</xmax>
      <ymax>563</ymax>
    </bndbox>
  </object>
</annotation>
