<annotation verified="no">
  <folder>Set1</folder>
  <filename>237.jpg</filename>
  <path>/home/br7/Desktop/Frames/Set1/2278.png</path>
  <source>
    <database>Unknown</database>
  </source>
  <size>
    <width>1280</width>
    <height>586</height>
    <depth>3</depth>
  </size>
  <segmented>0</segmented>
  <object>
    <name>bludger</name>
    <pose>Unspecified</pose>
    <truncated>0</truncated>
    <Difficult>0</Difficult>
    <bndbox>
      <xmin>534</xmin>
      <ymin>413</ymin>
      <xmax>638</xmax>
      <ymax>497</ymax>
    </bndbox>
  </object>
  <object>
    <name>bludger</name>
    <pose>Unspecified</pose>
    <truncated>0</truncated>
    <Difficult>0</Difficult>
    <bndbox>
      <xmin>882</xmin>
      <ymin>309</ymin>
      <xmax>985</xmax>
      <ymax>398</ymax>
    </bndbox>
  </object>
  <object>
    <name>quaffle</name>
    <pose>Unspecified</pose>
    <truncated>0</truncated>
    <Difficult>0</Difficult>
    <bndbox>
      <xmin>685</xmin>
      <ymin>333</ymin>
      <xmax>837</xmax>
      <ymax>459</ymax>
    </bndbox>
  </object>
</annotation>
