<annotation verified="no">
  <folder>Set1</folder>
  <filename>254.jpg</filename>
  <path>/home/br7/Desktop/Frames/Set1/4282.png</path>
  <source>
    <database>Unknown</database>
  </source>
  <size>
    <width>1280</width>
    <height>586</height>
    <depth>3</depth>
  </size>
  <segmented>0</segmented>
  <object>
    <name>bludger</name>
    <pose>Unspecified</pose>
    <truncated>0</truncated>
    <Difficult>0</Difficult>
    <bndbox>
      <xmin>513</xmin>
      <ymin>196</ymin>
      <xmax>685</xmax>
      <ymax>376</ymax>
    </bndbox>
  </object>
</annotation>
