<annotation verified="no">
  <folder>Set1</folder>
  <filename>47.jpg</filename>
  <path>/home/br7/Desktop/Frames/Set1/3173.png</path>
  <source>
    <database>Unknown</database>
  </source>
  <size>
    <width>1280</width>
    <height>586</height>
    <depth>3</depth>
  </size>
  <segmented>0</segmented>
  <object>
    <name>quaffle</name>
    <pose>Unspecified</pose>
    <truncated>0</truncated>
    <Difficult>0</Difficult>
    <bndbox>
      <xmin>594</xmin>
      <ymin>299</ymin>
      <xmax>690</xmax>
      <ymax>407</ymax>
    </bndbox>
  </object>
  <object>
    <name>bludger</name>
    <pose>Unspecified</pose>
    <truncated>0</truncated>
    <Difficult>0</Difficult>
    <bndbox>
      <xmin>897</xmin>
      <ymin>278</ymin>
      <xmax>920</xmax>
      <ymax>306</ymax>
    </bndbox>
  </object>
</annotation>
