<annotation verified="no">
  <folder>Set1</folder>
  <filename>5.jpg</filename>
  <path>/home/br7/Desktop/Frames/Set1/4280.png</path>
  <source>
    <database>Unknown</database>
  </source>
  <size>
    <width>1280</width>
    <height>586</height>
    <depth>3</depth>
  </size>
  <segmented>0</segmented>
  <object>
    <name>bludger</name>
    <pose>Unspecified</pose>
    <truncated>0</truncated>
    <Difficult>0</Difficult>
    <bndbox>
      <xmin>828</xmin>
      <ymin>219</ymin>
      <xmax>912</xmax>
      <ymax>301</ymax>
    </bndbox>
  </object>
</annotation>
