<annotation verified="no">
  <folder>Set1</folder>
  <filename>51.jpg</filename>
  <path>/home/br7/Desktop/Frames/Set1/2302.png</path>
  <source>
    <database>Unknown</database>
  </source>
  <size>
    <width>1280</width>
    <height>586</height>
    <depth>3</depth>
  </size>
  <segmented>0</segmented>
  <object>
    <name>bludger</name>
    <pose>Unspecified</pose>
    <truncated>0</truncated>
    <Difficult>0</Difficult>
    <bndbox>
      <xmin>428</xmin>
      <ymin>86</ymin>
      <xmax>522</xmax>
      <ymax>176</ymax>
    </bndbox>
  </object>
  <object>
    <name>bludger</name>
    <pose>Unspecified</pose>
    <truncated>0</truncated>
    <Difficult>0</Difficult>
    <bndbox>
      <xmin>853</xmin>
      <ymin>384</ymin>
      <xmax>922</xmax>
      <ymax>455</ymax>
    </bndbox>
  </object>
  <object>
    <name>quaffle</name>
    <pose>Unspecified</pose>
    <truncated>0</truncated>
    <Difficult>0</Difficult>
    <bndbox>
      <xmin>643</xmin>
      <ymin>340</ymin>
      <xmax>694</xmax>
      <ymax>399</ymax>
    </bndbox>
  </object>
</annotation>
