<annotation verified="no">
  <folder>Set1</folder>
  <filename>60.jpg</filename>
  <path>/home/br7/Desktop/Frames/Set1/4629.png</path>
  <source>
    <database>Unknown</database>
  </source>
  <size>
    <width>1280</width>
    <height>586</height>
    <depth>3</depth>
  </size>
  <segmented>0</segmented>
  <object>
    <name>quaffle</name>
    <pose>Unspecified</pose>
    <truncated>0</truncated>
    <Difficult>0</Difficult>
    <bndbox>
      <xmin>1060</xmin>
      <ymin>122</ymin>
      <xmax>1115</xmax>
      <ymax>176</ymax>
    </bndbox>
  </object>
</annotation>
