<annotation verified="no">
  <folder>Set1</folder>
  <filename>69.jpg</filename>
  <path>/home/br7/Desktop/Frames/Set1/2892.png</path>
  <source>
    <database>Unknown</database>
  </source>
  <size>
    <width>1280</width>
    <height>586</height>
    <depth>3</depth>
  </size>
  <segmented>0</segmented>
  <object>
    <name>quaffle</name>
    <pose>Unspecified</pose>
    <truncated>0</truncated>
    <Difficult>0</Difficult>
    <bndbox>
      <xmin>546</xmin>
      <ymin>67</ymin>
      <xmax>613</xmax>
      <ymax>130</ymax>
    </bndbox>
  </object>
</annotation>
