<annotation verified="no">
  <folder>Set1</folder>
  <filename>70.jpg</filename>
  <path>/home/br7/Desktop/Frames/Set1/4187.png</path>
  <source>
    <database>Unknown</database>
  </source>
  <size>
    <width>1280</width>
    <height>586</height>
    <depth>3</depth>
  </size>
  <segmented>0</segmented>
  <object>
    <name>bludger</name>
    <pose>Unspecified</pose>
    <truncated>0</truncated>
    <Difficult>0</Difficult>
    <bndbox>
      <xmin>530</xmin>
      <ymin>165</ymin>
      <xmax>550</xmax>
      <ymax>189</ymax>
    </bndbox>
  </object>
  <object>
    <name>quaffle</name>
    <pose>Unspecified</pose>
    <truncated>0</truncated>
    <Difficult>0</Difficult>
    <bndbox>
      <xmin>727</xmin>
      <ymin>526</ymin>
      <xmax>807</xmax>
      <ymax>563</ymax>
    </bndbox>
  </object>
</annotation>
